{
"horizon"       : 24,
"S&P_500_INDEX" : 0.05,
"FTSE_MIB_INDEX": 0.09801700700709452,
"GOLD_SPOT_$_OZ": 0.05,
"MSCI_EM"       : 0.23690075238202382,
"MSCI_EURO"     : 0.4650822406108815,
"All_Bonds_TR"  : 0.05,
"U.S._Treasury" : 0.05
}	 

Expected Return: 95003.63603258092
Standar_Devst: 70.78607278486037  